{"_wandb":{"runtime":36},"valid_loss_best":0.16928843834570476,"test_sharpe_net":0.7186449346285427,"test_sharpe_gross":0.7600922154691131,"train_loss":0.48857654618066654,"_timestamp":1.7524535584157805e+09,"_runtime":36.8332099,"_step":20,"valid_loss":0.15052747939314162}