{"test_sharpe_net":1.670277025312747,"_runtime":8.5974722,"valid_loss":0.020494885742664337,"_timestamp":1.752456984246274e+09,"_wandb":{"runtime":8},"_step":11,"test_sharpe_gross":1.7573713579269619,"train_loss":0.48903680787138315,"valid_loss_best":0.12507715314859524}