{"_timestamp":1.7524537756218495e+09,"test_sharpe_gross":0.7030858951157174,"valid_loss_best":0.27441268041729927,"_step":14,"train_loss":0.5157141336079302,"test_sharpe_net":0.5084324559033458,"_wandb":{"runtime":26},"_runtime":26.4408187,"valid_loss":0.1383959874510765}