{"_runtime":122.6926456,"_step":35,"valid_loss":-0.11367367431133364,"test_sharpe_gross":1.2894700650331357,"_wandb":{"runtime":122},"train_loss":0.4910456993333671,"valid_loss_best":-0.06571116795142491,"_timestamp":1.752359331240745e+09,"test_sharpe_net":0.6989575955210937}