{"valid_loss_best":0.24639590457081795,"valid_loss":0.13898698054254055,"_runtime":20.974346099999998,"_wandb":{"runtime":20},"train_loss":0.5362727125657016,"_step":11,"_timestamp":1.752361779770843e+09,"test_sharpe_gross":0.5474740540577614,"test_sharpe_net":0.40246871182134303}