{"_timestamp":1.7544221683810358e+09,"valid_loss_best":0.17912649473344738,"_step":16,"valid_loss":0.17912639017132195,"test_sharpe_gross":0.4221405225810563,"test_sharpe_net":0.4081894714520292,"_wandb":{"runtime":884},"train_loss":0.19529236819210422,"_runtime":884.9594091}