{
    "valid_loss_best":0.5130120703,
    "test_sharpe_gross":1.0373586101,
    "test_sharpe_net":0.5054279344
}