{"valid_loss_best":0.18250899973209017,"test_sharpe_gross":-0.12115566183809019,"_wandb":{"runtime":23},"_step":11,"train_loss":0.5482970803583923,"valid_loss":0.0489773266017437,"_timestamp":1.7523612244597242e+09,"test_sharpe_net":-0.24672933561395385,"_runtime":22.9992475}