{"_runtime":59.9178132,"_step":20,"test_sharpe_gross":1.1791665063835959,"valid_loss_best":-0.05408581470449766,"test_sharpe_net":0.6377140089028398,"_wandb":{"runtime":59},"train_loss":0.4775622561573982,"valid_loss":-0.11784030869603157,"_timestamp":1.7523562655945554e+09}