{"_wandb":{"runtime":23},"valid_loss":0.05686667505651712,"_step":11,"valid_loss_best":0.31773604154586793,"train_loss":0.5236801883499873,"test_sharpe_net":-0.23839710696862149,"test_sharpe_gross":-0.06244159364702216,"_timestamp":1.7524519312910979e+09,"_runtime":23.8764538}