{"_wandb":{"runtime":20},"valid_loss_best":0.40501271933317184,"train_loss":0.5785659644110449,"test_sharpe_net":0.6044672493023519,"_step":11,"valid_loss":0.10813041357323527,"_runtime":20.5530842,"test_sharpe_gross":0.6619868767805005,"_timestamp":1.7524652296545377e+09}