{"_timestamp":1.7542815486582596e+09,"_step":12,"test_sharpe_gross":0.5026787864268747,"valid_loss":-0.07068062031810934,"test_sharpe_net":0.478021944120913,"_wandb":{"runtime":276},"_runtime":276.9774798,"valid_loss_best":0.10791442098773339,"train_loss":0.34255502663512266}