{"valid_loss":0.2393083551100322,"train_loss":0.6243349443140783,"_step":12,"_wandb":{"runtime":23},"_timestamp":1.7524541994361348e+09,"valid_loss_best":0.24012504012456962,"_runtime":23.3339635,"test_sharpe_gross":0.6411733202374835,"test_sharpe_net":0.5631263290939917}