{"_step":16,"test_sharpe_gross":0.38939261604107034,"_wandb":{"runtime":991},"valid_loss":-0.1367823506395022,"_runtime":991.168882,"test_sharpe_net":0.36809788876896327,"valid_loss_best":0.05935703062762817,"train_loss":0.2989507682783448,"_timestamp":1.7542733225616596e+09}