{
    "valid_loss_best":0.0450114926,
    "test_sharpe_gross":1.3873003923,
    "test_sharpe_net":0.8196609823
}