{"valid_loss_best":0.04737333572384986,"test_sharpe_net":0.5023732940836064,"train_loss":0.35575895295883325,"_step":16,"valid_loss":-0.11621703713370318,"_timestamp":1.7543865276192036e+09,"test_sharpe_gross":0.5247033535306125,"_runtime":309.8293238,"_wandb":{"runtime":309}}