{"valid_loss_best":0.16510630523165068,"test_sharpe_net":0.4092951524353974,"_wandb":{"runtime":1054},"_runtime":1054.5326755,"valid_loss":-0.04143571232755979,"_step":12,"test_sharpe_gross":0.42325333590395703,"train_loss":0.24405657983911427,"_timestamp":1.7542836780183027e+09}