{"_wandb":{"runtime":18},"valid_loss":0.36622169613838196,"_timestamp":1.7524545810215104e+09,"_runtime":18.0303591,"test_sharpe_net":0.7333803217214382,"valid_loss_best":0.5709811548391978,"_step":14,"train_loss":0.6208789229393006,"test_sharpe_gross":0.8651475294545116}