{"_runtime":721.7120695,"_wandb":{"runtime":721},"valid_loss":0.10897062346339226,"_step":23,"valid_loss_best":0.1506016654893756,"train_loss":0.7694529482851857,"_timestamp":1.754351852215743e+09,"test_sharpe_gross":1.0713567613557768,"test_sharpe_net":0.7933420602465269}