{"_wandb":{"runtime":10},"_step":11,"valid_loss_best":0.14673309959471226,"test_sharpe_net":1.4701573582441294,"train_loss":0.5456126756642176,"test_sharpe_gross":1.5535727928143097,"valid_loss":0.004466099664568901,"_timestamp":1.7523658432740676e+09,"_runtime":10.1529615}