{"test_sharpe_gross":-0.15513285971033616,"valid_loss":0.00783272972330451,"test_sharpe_net":-0.5466297432850165,"_runtime":33.793996,"_wandb":{"runtime":33},"valid_loss_best":0.1671392094447381,"_step":12,"train_loss":0.5696302896738052,"_timestamp":1.7523611303502004e+09}