{"valid_loss":0.17567615490406752,"_step":16,"test_sharpe_net":0.2818776302095882,"valid_loss_best":0.28313642740249634,"_timestamp":1.7523618567375968e+09,"test_sharpe_gross":0.89967244821928,"train_loss":0.5649381115518767,"_wandb":{"runtime":26},"_runtime":26.693668}