{"train_loss":0.6185687792052825,"_timestamp":1.752462774599493e+09,"_wandb":{"runtime":31},"_runtime":31.4309006,"test_sharpe_net":-0.5489139029089448,"valid_loss":-0.08480478119519022,"test_sharpe_gross":-0.09439225008943818,"_step":11,"valid_loss_best":0.11889185135563214}