{"_runtime":1101.3692546,"valid_loss":0.1791264642537995,"valid_loss_best":0.17912715978243135,"_wandb":{"runtime":1101},"test_sharpe_gross":0.422142414969861,"_step":22,"train_loss":0.1946471601951761,"test_sharpe_net":0.40819147139197653,"_timestamp":1.7544000353081965e+09}