{"valid_loss_best":0.5279671579599381,"_wandb":{"runtime":14},"valid_loss":0.40796740651130675,"test_sharpe_net":0.8164015972105034,"train_loss":0.5949010719091464,"_timestamp":1.7523635481339202e+09,"test_sharpe_gross":0.9438629793527582,"_runtime":14.3738204,"_step":11}