{"_wandb":{"runtime":571},"valid_loss_best":-0.0017008596720794837,"train_loss":0.30942404367353604,"test_sharpe_net":0.2637484199134375,"_step":11,"test_sharpe_gross":0.29208684119102724,"_runtime":571.5736413,"valid_loss":-0.07475910630698006,"_timestamp":1.7542702390356038e+09}