{"_runtime":122.2355838,"valid_loss_best":0.06751940610896175,"test_sharpe_net":1.0294031171648679,"valid_loss":0.06566732997695605,"_wandb":{"runtime":122},"_timestamp":1.7524588029528818e+09,"_step":44,"train_loss":0.5054619060424359,"test_sharpe_gross":1.6659355070319857}