{"_timestamp":1.7524554778980355e+09,"train_loss":0.612547212652862,"test_sharpe_net":0.6707359097583768,"valid_loss_best":0.5834256410598755,"valid_loss":0.4195408324400584,"test_sharpe_gross":0.8177750056830462,"_wandb":{"runtime":14},"_runtime":14.6867514,"_step":12}