{"valid_loss":0.636367928236723,"test_sharpe_gross":1.5782828961805462,"_wandb":{"runtime":57},"valid_loss_best":0.6590643227100372,"_step":87,"_timestamp":1.7524558139321709e+09,"train_loss":0.7932919065157572,"test_sharpe_net":0.6254406470201853,"_runtime":57.6448938}