{"valid_loss":0.004041628705130683,"train_loss":0.5105691952351481,"_step":11,"_runtime":29.5760342,"_wandb":{"runtime":29},"test_sharpe_gross":-0.020658166288860684,"valid_loss_best":0.19667185925775105,"test_sharpe_net":-0.12556312458801472,"_timestamp":1.7524633836910338e+09}