{"_runtime":443.4848099,"_step":11,"valid_loss_best":0.05497110425494611,"test_sharpe_net":0.4290001167760425,"_wandb":{"runtime":443},"_timestamp":1.754415864876313e+09,"test_sharpe_gross":0.4459088668311937,"valid_loss":-0.061685990542173386,"train_loss":0.27540538727265335}