{"valid_loss":0.44243288189172747,"_runtime":14.8291385,"test_sharpe_gross":0.5732222509576873,"_wandb":{"runtime":14},"test_sharpe_net":0.5346963274946223,"_timestamp":1.7524545569630668e+09,"_step":11,"train_loss":0.5721008338225193,"valid_loss_best":0.6073906391859054}