{"valid_loss":0.3260543644428253,"_timestamp":1.7523637075725348e+09,"train_loss":0.5995382074266672,"valid_loss_best":0.6267924308776855,"_step":13,"_runtime":15.3053988,"test_sharpe_gross":0.7749876808482681,"test_sharpe_net":0.723533308623244,"_wandb":{"runtime":15}}