{"test_sharpe_gross":1.282236763649993,"_wandb":{"runtime":68},"test_sharpe_net":0.7801775899101774,"_step":16,"_runtime":68.8339696,"valid_loss_best":-0.05010251343871156,"valid_loss":-0.1061314648638169,"train_loss":0.44925850403049716,"_timestamp":1.7523573387581778e+09}