{"_wandb":{"runtime":546},"_timestamp":1.7543184258446178e+09,"_step":18,"valid_loss_best":0.2784916154212422,"train_loss":0.4338309578845898,"test_sharpe_gross":-0.46239961597272794,"test_sharpe_net":-0.5196751565750987,"valid_loss":0.21539185444513956,"_runtime":546.5523142}