{"valid_loss":0.16914860076374477,"valid_loss_best":0.2364973003665606,"test_sharpe_gross":0.2288223171389836,"_wandb":{"runtime":364},"_runtime":364.713085,"test_sharpe_net":-0.18538401168289156,"_step":12,"train_loss":0.8317720305919647,"_timestamp":1.7549386521434364e+09}