{"_wandb":{"runtime":267},"valid_loss":0.19827837598594752,"_runtime":267.8511034,"test_sharpe_net":0.36598778113648195,"train_loss":0.7845293586344823,"_timestamp":1.7548691013378704e+09,"valid_loss_best":0.2117961865257133,"_step":16,"test_sharpe_gross":0.9602855433601725}