{"valid_loss_best":-0.010137776759537783,"train_loss":0.49475700295854197,"test_sharpe_gross":1.261042836957227,"_wandb":{"runtime":60},"_runtime":60.4226222,"valid_loss":-0.06649247218262065,"test_sharpe_net":0.697064020582698,"_step":21,"_timestamp":1.7524487862202091e+09}