{"_wandb":{"runtime":9},"_runtime":9.2911609,"test_sharpe_gross":1.3368383309297904,"valid_loss":0.13194134831428528,"train_loss":0.6851955751578013,"valid_loss_best":0.2658245414495468,"test_sharpe_net":1.257762412799628,"_step":11,"_timestamp":1.752467637368341e+09}