{"test_sharpe_gross":1.3497905495550981,"valid_loss_best":-0.021105114328251642,"_runtime":60.2379562,"test_sharpe_net":0.8211421107660765,"_wandb":{"runtime":60},"_timestamp":1.7524492277422101e+09,"valid_loss":-0.06631193483587015,"train_loss":0.49257578849590017,"_step":22}