{"valid_loss":0.3757925368845463,"_wandb":{"runtime":39},"train_loss":0.8920732827290244,"test_sharpe_net":0.03357932674047566,"_runtime":39.3210886,"test_sharpe_gross":1.1062127890242213,"_step":47,"_timestamp":1.7523648999216013e+09,"valid_loss_best":0.39288974553346634}