{"valid_loss":0.5344470189884305,"test_sharpe_gross":1.4576551738582542,"_wandb":{"runtime":26},"valid_loss_best":0.5413215380394831,"_step":39,"_runtime":26.9753032,"_timestamp":1.7523655792478812e+09,"train_loss":0.8198087066411972,"test_sharpe_net":0.4861844400030576}