{"_timestamp":1.7524535835946667e+09,"_wandb":{"runtime":19},"valid_loss_best":0.2444537699754749,"train_loss":0.5711485624084609,"valid_loss":0.12146164862705129,"_step":11,"test_sharpe_gross":0.7547744846535487,"_runtime":19.7722594,"test_sharpe_net":0.7192179532651558}