{"_timestamp":1.7524560311878686e+09,"train_loss":0.8923989910146465,"_step":29,"valid_loss_best":0.6739518364774995,"_wandb":{"runtime":26},"_runtime":26.6981939,"valid_loss":0.6100466651841998,"test_sharpe_gross":0.8559492779834176,"test_sharpe_net":-0.1449455192719168}