{"_step":11,"test_sharpe_gross":-0.03747734468195482,"valid_loss":-0.014693827678759893,"_runtime":28.1560401,"test_sharpe_net":-0.23590015368951892,"_timestamp":1.7524515209192944e+09,"train_loss":0.49958120465278627,"valid_loss_best":0.20347616780135366,"_wandb":{"runtime":28}}