{"valid_loss_best":0.3317700092281614,"test_sharpe_net":0.5818459017872532,"_wandb":{"runtime":21},"_step":11,"_timestamp":1.7523626801778681e+09,"test_sharpe_gross":0.6236229516396061,"_runtime":21.3399684,"valid_loss":0.17428745948044316,"train_loss":0.5085237912850029}