{"valid_loss":0.5242563709616661,"test_sharpe_gross":1.059393907252437,"test_sharpe_net":0.048978958641473606,"_wandb":{"runtime":25},"_runtime":25.1355375,"valid_loss_best":0.5857066763273906,"_timestamp":1.7523647435486941e+09,"train_loss":0.887457233408223,"_step":29}