{"_wandb":{"runtime":187},"valid_loss":-0.0894362482834946,"_runtime":187.1727007,"train_loss":0.5054391599462732,"test_sharpe_gross":1.0546499250676036,"valid_loss_best":-0.03935427015477961,"_timestamp":1.752357953208418e+09,"test_sharpe_net":0.47227750868957885,"_step":43}