{
    "valid_loss_best":0.6209430709,
    "test_sharpe_gross":0.7628515904,
    "test_sharpe_net":0.6642461586
}