{"test_sharpe_gross":1.2013469590151227,"valid_loss_best":-0.06341067080696423,"_step":19,"test_sharpe_net":0.7073417199612425,"valid_loss":-0.15741339403515062,"_timestamp":1.752357610940894e+09,"train_loss":0.4355752529657405,"_runtime":61.8458472,"_wandb":{"runtime":61}}