{"valid_loss":0.17082048952579498,"valid_loss_best":0.2798934057354927,"_step":11,"_timestamp":1.7524566585622118e+09,"_runtime":9.3298315,"test_sharpe_net":1.5689972814888142,"train_loss":0.6280019829670588,"test_sharpe_gross":1.6902603910021612,"_wandb":{"runtime":9}}