{"valid_loss":-0.07633313943039287,"test_sharpe_net":0.5156843685440875,"_wandb":{"runtime":536},"_step":13,"_runtime":536.9058299,"_timestamp":1.7542672817362711e+09,"test_sharpe_gross":0.5332200493462564,"valid_loss_best":0.16552752374925397,"train_loss":0.33958935979298194}