{
    "valid_loss_best":0.4964303616,
    "test_sharpe_gross":1.7317005732,
    "test_sharpe_net":1.2447062714
}