{"valid_loss":0.5718368235975504,"_step":20,"train_loss":0.8721451734503111,"_timestamp":1.7523647650845764e+09,"test_sharpe_net":0.30960678284778287,"valid_loss_best":0.609107181429863,"_wandb":{"runtime":15},"test_sharpe_gross":1.2653824393093518,"_runtime":15.5065046}