{"valid_loss":0.1568014089550291,"test_sharpe_net":0.5423128299204962,"_step":11,"train_loss":0.5848725657060481,"_timestamp":1.7523619908352323e+09,"test_sharpe_gross":0.6265491761032053,"valid_loss_best":0.22854859328695706,"_wandb":{"runtime":23},"_runtime":23.5393715}