{"_wandb":{"runtime":17},"_runtime":17.3318793,"test_sharpe_net":0.327065868013985,"valid_loss":0.2533531151711941,"valid_loss_best":0.3222614526748657,"test_sharpe_gross":0.7339366227418209,"_timestamp":1.7523638569084587e+09,"train_loss":0.6209285035729408,"_step":16}