{"valid_loss":0.6719251126050949,"test_sharpe_net":0.1904551492427381,"train_loss":0.772875291497811,"_wandb":{"runtime":22},"_timestamp":1.7524681554673102e+09,"_runtime":22.5032463,"valid_loss_best":0.7995861079543829,"test_sharpe_gross":1.2772088048701513,"_step":26}