{"_step":36,"_timestamp":1.7542986054140058e+09,"valid_loss":0.17911358397792687,"valid_loss_best":0.18343177014453846,"train_loss":0.19476445621314822,"test_sharpe_gross":0.4219993917722292,"test_sharpe_net":0.408044934809016,"_wandb":{"runtime":2205},"_runtime":2205.8099225}