{"_runtime":26.5157301,"valid_loss_best":0.18291927501559258,"test_sharpe_net":-0.17589405697805274,"train_loss":0.4953008354886582,"test_sharpe_gross":-0.07147741754309224,"valid_loss":0.01601828304119408,"_timestamp":1.7524518042526517e+09,"_wandb":{"runtime":26},"_step":12}