{"_wandb":{"runtime":998},"valid_loss_best":0.17901710251515562,"test_sharpe_gross":0.4222310615579321,"test_sharpe_net":0.40827951795196,"_timestamp":1.7543505820269964e+09,"_runtime":998.2058545,"_step":11,"valid_loss":-0.07429800927639008,"train_loss":0.2825023468555984}