{"_wandb":{"runtime":14},"valid_loss":0.41727751195430757,"_runtime":14.0050806,"test_sharpe_gross":0.9342294193194285,"train_loss":0.5871294561104897,"test_sharpe_net":0.8406294697870548,"_step":11,"valid_loss_best":0.5894667029380798,"_timestamp":1.7523642148995464e+09}