{
    "valid_loss_best":0.3256080234,
    "test_sharpe_gross":0.2210465681,
    "test_sharpe_net":-0.1232732912
}