{"_wandb":{"runtime":79},"valid_loss_best":-0.027214096548656624,"train_loss":0.4789908073194649,"test_sharpe_gross":1.7457313926634273,"test_sharpe_net":1.1483973860331733,"valid_loss":-0.06197862916936477,"_step":27,"_runtime":79.1307374,"_timestamp":1.7523553350645165e+09}