{"valid_loss":0.24928435683250427,"test_sharpe_net":1.2612830221177866,"test_sharpe_gross":1.4967806672187483,"valid_loss_best":0.269345723092556,"_wandb":{"runtime":8},"train_loss":0.6245081704109907,"_runtime":8.5843996,"_timestamp":1.7524563195210726e+09,"_step":11}