{"valid_loss":0.12311406806111336,"test_sharpe_net":0.37316338158087575,"valid_loss_best":0.2592981631557147,"train_loss":1.098852039679237,"_step":27,"_wandb":{"runtime":788},"_timestamp":1.7548917266423554e+09,"test_sharpe_gross":1.1762845165083071,"_runtime":788.0352684}