{
    "valid_loss_best":0.4375096746,
    "test_sharpe_gross":0.5770713787,
    "test_sharpe_net":0.452324675
}