{"valid_loss_best":0.1078302175220516,"test_sharpe_net":-0.9392642302047604,"_wandb":{"runtime":32},"_runtime":32.0165973,"test_sharpe_gross":-0.2793671794086745,"valid_loss":0.02036288670367665,"_step":14,"train_loss":0.5358836453656356,"_timestamp":1.75236101326919e+09}