{"_wandb":{"runtime":1456},"_timestamp":1.7542808261152456e+09,"valid_loss":-0.03590018302202225,"_step":16,"test_sharpe_gross":0.42240326893916164,"test_sharpe_net":0.40845164636924697,"valid_loss_best":0.1789930590682409,"train_loss":0.3278294721385464,"_runtime":1456.0906327}