{"test_sharpe_net":0.6212627306116778,"valid_loss":-0.05090508804741231,"_runtime":67.5181501,"train_loss":0.5159679029096403,"_step":22,"valid_loss_best":0.011125864630395716,"test_sharpe_gross":1.2528694914353398,"_wandb":{"runtime":67},"_timestamp":1.7524583648885908e+09}