{"valid_loss":0.05605239110688368,"test_sharpe_net":0.48039300149839764,"valid_loss_best":0.0814107892413934,"train_loss":0.5337233206500178,"_step":38,"_wandb":{"runtime":107},"_timestamp":1.7524578716553006e+09,"test_sharpe_gross":1.0698096152336178,"_runtime":107.7991832}