{
    "valid_loss_best":0.2835391125,
    "test_sharpe_gross":1.041343522,
    "test_sharpe_net":0.7714821442
}