{"valid_loss":-0.05685662291944027,"test_sharpe_gross":1.241061576665386,"test_sharpe_net":0.6400690628278336,"_wandb":{"runtime":67},"valid_loss_best":0.03402181663973765,"train_loss":0.51316613960586,"_runtime":67.0940362,"_timestamp":1.7524494008604586e+09,"_step":23}