{"_wandb":{"runtime":65},"valid_loss":-0.11284317736598579,"valid_loss_best":-0.07100130516019734,"test_sharpe_net":0.7468401381862306,"train_loss":0.49167182029265427,"test_sharpe_gross":1.3768816328605737,"_runtime":65.1711531,"_step":22,"_timestamp":1.7524495113409863e+09}