{"_wandb":{"runtime":136},"_timestamp":1.7524606867695339e+09,"valid_loss_best":0.12639394372870977,"_step":44,"train_loss":0.5597082878584447,"_runtime":136.9269059,"test_sharpe_gross":1.272369020502079,"test_sharpe_net":0.6935248849750918,"valid_loss":0.05696935900910334}