{"valid_loss":0.5141307907178998,"valid_loss_best":0.5596764218062162,"test_sharpe_gross":1.2298620648961502,"_step":51,"_wandb":{"runtime":38},"train_loss":0.9528741240501404,"_timestamp":1.752456962468833e+09,"test_sharpe_net":0.324231459919612,"_runtime":38.2118266}