{"test_sharpe_gross":0.38284956347444943,"train_loss":0.3693135486581646,"_wandb":{"runtime":490},"test_sharpe_net":0.3650791464228845,"valid_loss_best":0.15872587077319622,"_step":13,"_runtime":490.6398813,"_timestamp":1.754271075081017e+09,"valid_loss":-0.17252510817100605}