{"_runtime":92.2894009,"test_sharpe_gross":1.054776360294619,"_timestamp":1.7524485779746165e+09,"_wandb":{"runtime":92},"test_sharpe_net":0.5449079711233459,"valid_loss_best":-0.018965253775770016,"_step":33,"train_loss":0.5099705142303087,"valid_loss":-0.052895200862125916}