{"train_loss":1.170080981824709,"_step":32,"valid_loss":0.01955834326023857,"test_sharpe_net":0.12333072538239735,"valid_loss_best":0.16842981001051763,"_wandb":{"runtime":2811},"test_sharpe_gross":0.6367333030044084,"_timestamp":1.754361734762099e+09,"_runtime":2811.8653379}