{"_runtime":177.9947667,"valid_loss":0.07206772284751589,"_timestamp":1.7524618404126036e+09,"_step":59,"_wandb":{"runtime":177},"test_sharpe_net":0.5923584461773868,"test_sharpe_gross":1.22750060021646,"valid_loss_best":0.1457413285970688,"train_loss":0.5418449471066908}