{"_runtime":21.9323,"valid_loss_best":0.36557748700891224,"_wandb":{"runtime":21},"train_loss":0.6206552573201949,"test_sharpe_net":0.49792366857981435,"valid_loss":0.16672018729150295,"_timestamp":1.7524541718059118e+09,"_step":11,"test_sharpe_gross":0.5568250567876865}