{"test_sharpe_gross":1.479923149471999,"valid_loss":0.5531331561505795,"_wandb":{"runtime":15},"train_loss":0.7590415225080822,"_timestamp":1.752468528503126e+09,"test_sharpe_net":0.6018776955984608,"_step":17,"_runtime":15.0659357,"valid_loss_best":0.7085137479007244}