{"valid_loss":0.2015594510982434,"valid_loss_best":0.243967958415548,"test_sharpe_gross":1.243723931165027,"_runtime":1451.2535401,"_step":31,"train_loss":0.898345894139746,"test_sharpe_net":0.740483472164669,"_wandb":{"runtime":1451},"_timestamp":1.754358916244427e+09}