{"valid_loss":0.0332334910829862,"_runtime":75.2556982,"train_loss":0.5360003486275673,"test_sharpe_gross":1.4274079408494058,"_timestamp":1.7524602326793494e+09,"_wandb":{"runtime":75},"test_sharpe_net":0.8430768555743242,"_step":23,"valid_loss_best":0.10040405214143296}