{"missing_param_stride":1,"_timestamp":1.754821485400269e+09,"_runtime":20.290681,"_step":0,"_wandb":{"runtime":20}}