{"_runtime":534.9903299,"valid_loss_best":0.17863623891025782,"train_loss":0.4155572405763213,"test_sharpe_net":0.40823710455980505,"test_sharpe_gross":0.4221865904210212,"_wandb":{"runtime":534},"_timestamp":1.7543511241857908e+09,"valid_loss":-0.08191255750981244,"_step":11}