{"_step":11,"valid_loss_best":0.13066122541204095,"test_sharpe_net":-0.06387716703153332,"valid_loss":-0.06036759186536074,"_timestamp":1.7524629091549377e+09,"test_sharpe_gross":-0.008324485293376977,"_wandb":{"runtime":25},"train_loss":0.5400204022267932,"_runtime":25.7812331}