{"_timestamp":1.7524686516802008e+09,"test_sharpe_gross":1.4507537501617394,"valid_loss_best":0.5187847688794136,"_wandb":{"runtime":18},"train_loss":0.8734989414612452,"valid_loss":0.47465064376592636,"_step":22,"test_sharpe_net":0.6219917250544975,"_runtime":18.4538766}