{"_runtime":19.961929,"_step":11,"valid_loss_best":0.41671450436115265,"train_loss":0.4961542756906871,"test_sharpe_gross":0.5771572369285027,"valid_loss":0.25164134055376053,"test_sharpe_net":0.5421538681404878,"_timestamp":1.7524541177456334e+09,"_wandb":{"runtime":19}}