{"_wandb":{"runtime":34},"_step":12,"valid_loss":0.19337908029556275,"train_loss":0.5550533282129388,"valid_loss_best":0.23891643434762955,"test_sharpe_gross":-0.013388011372960489,"_timestamp":1.752359861300804e+09,"_runtime":34.5478843,"test_sharpe_net":-0.1484230734631189}