{"valid_loss":0.5321711488068104,"test_sharpe_net":0.07389539862015897,"_wandb":{"runtime":35},"_step":46,"valid_loss_best":0.576460357173346,"train_loss":0.9272934794425964,"_runtime":35.2497028,"test_sharpe_gross":1.0512255292511619,"_timestamp":1.7524559719264905e+09}