{"_runtime":122.3503868,"valid_loss_best":0.10488608344034715,"train_loss":0.4851484249001774,"_wandb":{"runtime":122},"test_sharpe_gross":1.5856563526095384,"valid_loss":-0.016172867606986652,"test_sharpe_net":0.9585377068346834,"_timestamp":1.7524600675783648e+09,"_step":37}