{"_runtime":28.6367595,"test_sharpe_gross":1.2541910884668361,"_step":34,"valid_loss":0.6319872718304396,"valid_loss_best":0.6949091907590628,"test_sharpe_net":0.199441706111919,"_wandb":{"runtime":28},"_timestamp":1.7524690044196746e+09,"train_loss":0.7993306504643481}