{"_runtime":226.3065465,"_step":65,"train_loss":2.669610251551089,"valid_loss":2.5881364742914834,"test_sharpe_net":8.77872418843343,"_wandb":{"runtime":226},"valid_loss_best":2.605212132136027,"_timestamp":1.7523533632155807e+09,"test_sharpe_gross":8.90705493969843}