{"valid_loss":0.20511987432837486,"train_loss":0.47595248247186345,"test_sharpe_net":1.6943298508594007,"valid_loss_best":0.3229560852050781,"test_sharpe_gross":1.7475114208828675,"_runtime":9.5716545,"_step":12,"_wandb":{"runtime":9},"_timestamp":1.7524573382986956e+09}