{"valid_loss":0.013132407516241073,"test_sharpe_net":-0.1546409318749599,"_step":17,"_runtime":631.5066329,"_wandb":{"runtime":631},"valid_loss_best":0.24934459924697877,"test_sharpe_gross":-0.10079232381128993,"_timestamp":1.754306861602578e+09,"train_loss":0.6309039796653547}