{"_step":53,"train_loss":0.5118524035357911,"test_sharpe_net":1.0254455432624034,"valid_loss_best":0.0714588993663104,"_wandb":{"runtime":148},"_runtime":148.6820085,"test_sharpe_gross":1.6769326514734166,"_timestamp":1.752460543486889e+09,"valid_loss":0.04007976067562898}