{"valid_loss_best":-0.04053129255771637,"test_sharpe_net":0.7010374707510906,"_runtime":406.4197644,"test_sharpe_gross":0.7316568264664842,"_step":20,"valid_loss":-0.056693551215258514,"_wandb":{"runtime":406},"train_loss":0.36641282476889697,"_timestamp":1.7544250448175743e+09}