{
    "valid_loss_best":0.1788914803,
    "test_sharpe_gross":1.1236051491,
    "test_sharpe_net":0.5439869593
}