{"valid_loss_best":0.366077683866024,"_step":11,"test_sharpe_net":0.7184994797925419,"valid_loss":0.2061673402786255,"_timestamp":1.7524539219057508e+09,"train_loss":0.5310027535105574,"_runtime":21.7469942,"test_sharpe_gross":0.7446555860289582,"_wandb":{"runtime":21}}