{"valid_loss":0.15138343189443862,"test_sharpe_gross":0.570126362010315,"valid_loss_best":0.2462039589881897,"_wandb":{"runtime":20},"_runtime":20.2502356,"_step":11,"train_loss":0.5443986509191362,"test_sharpe_net":0.48250402179774715,"_timestamp":1.7524534219475458e+09}