{"_runtime":19.0849603,"valid_loss":0.3213431139787038,"_step":13,"test_sharpe_gross":0.8412117679323066,"_wandb":{"runtime":19},"valid_loss_best":0.5295804838339487,"test_sharpe_net":0.6931968157276847,"train_loss":0.6531183235347271,"_timestamp":1.752455430232437e+09}