{"valid_loss_best":0.042789286002516747,"_wandb":{"runtime":43},"_timestamp":1.7524482952636635e+09,"train_loss":0.4815337098122615,"_step":16,"test_sharpe_gross":1.4693310945090783,"test_sharpe_net":0.9013526280798514,"valid_loss":-0.03479508434732755,"_runtime":43.6927761}