{"_step":11,"_wandb":{"runtime":170},"valid_loss_best":0.19763071946799754,"train_loss":0.7312345551817041,"valid_loss":-0.09910819586366415,"test_sharpe_gross":0.059385248972739085,"test_sharpe_net":-0.39305306991270156,"_timestamp":1.7548977511361141e+09,"_runtime":170.1520379}