{"_runtime":62.1719272,"_step":20,"valid_loss_best":0.07390596582130952,"test_sharpe_gross":1.3617434686172134,"train_loss":0.5163438386870953,"valid_loss":0.030159791084853085,"_wandb":{"runtime":62},"_timestamp":1.7524589700327256e+09,"test_sharpe_net":0.6602652101560672}