{"_runtime":28.619737,"test_sharpe_gross":0.13600243516624252,"_step":11,"test_sharpe_net":0.061128904563522025,"_wandb":{"runtime":28},"train_loss":0.49748808292051155,"_timestamp":1.7524637984150193e+09,"valid_loss_best":0.1718077298460735,"valid_loss":-0.01890109893348482}