{"_wandb":{"runtime":1284},"_timestamp":1.754369732034753e+09,"_runtime":1284.6312663,"valid_loss_best":0.1799513796965281,"test_sharpe_gross":1.015939574501145,"test_sharpe_net":0.4878385694135774,"train_loss":0.9740970056989918,"valid_loss":0.08727087080478668,"_step":53}