{
    "valid_loss_best":0.264369999,
    "test_sharpe_gross":-0.0614197481,
    "test_sharpe_net":-0.244839905
}