{
    "valid_loss_best":0.6218365981,
    "test_sharpe_gross":1.4352151767,
    "test_sharpe_net":0.6446897333
}