{"_step":18,"train_loss":0.912566391022309,"valid_loss_best":0.27961962173382443,"valid_loss":0.22878859688838324,"_timestamp":1.7548708854174397e+09,"_wandb":{"runtime":468},"test_sharpe_gross":1.6677957252270257,"test_sharpe_net":0.838772410154719,"_runtime":468.6746816}