{"test_sharpe_gross":1.3713858992230652,"valid_loss":0.45993008837103844,"_wandb":{"runtime":25},"valid_loss_best":0.5743099190294743,"train_loss":0.9050230254297671,"test_sharpe_net":0.3983298979913057,"_step":32,"_timestamp":1.7523648371866927e+09,"_runtime":25.0276479}