{"_step":23,"valid_loss":0.0008812289346348156,"_wandb":{"runtime":70},"test_sharpe_gross":1.4274831633043934,"test_sharpe_net":0.7751369897221662,"valid_loss_best":0.03406874090433121,"train_loss":0.49626863739483623,"_timestamp":1.7523550934282954e+09,"_runtime":70.4258152}