{"_wandb":{"runtime":87},"valid_loss_best":0.12161897266791626,"train_loss":0.5275439473638392,"_timestamp":1.7524594306055818e+09,"test_sharpe_net":0.6601720085923656,"valid_loss":-0.005605318308384581,"test_sharpe_gross":1.4160531349238825,"_runtime":87.1685123,"_step":27}