{"_step":67,"valid_loss":-0.046612041691939034,"train_loss":0.5221658711848052,"test_sharpe_gross":1.2297512418767738,"valid_loss_best":-0.014643542468547821,"test_sharpe_net":0.6986324690586331,"_runtime":234.9860871,"_wandb":{"runtime":234},"_timestamp":1.752356192961285e+09}