{"_wandb":{"runtime":29},"_timestamp":1.752462404276143e+09,"_runtime":29.321765,"valid_loss_best":0.2888156274954478,"train_loss":0.5523293124636014,"test_sharpe_net":-0.11055736633141952,"valid_loss":0.0004511955711576674,"_step":11,"test_sharpe_gross":-0.03711043562600836}