{"test_sharpe_net":-0.030264486610949867,"valid_loss_best":0.20589270401332113,"valid_loss":0.043346926673418947,"_wandb":{"runtime":25},"train_loss":0.5786686953405539,"test_sharpe_gross":0.02265904219552664,"_timestamp":1.7523603818251712e+09,"_step":11,"_runtime":25.5326223}