{"_wandb":{"runtime":21},"_timestamp":1.7524644936291356e+09,"valid_loss":0.19045535661280155,"test_sharpe_gross":0.7375468866211764,"test_sharpe_net":0.6246916172241558,"_step":11,"train_loss":0.653986806499547,"_runtime":21.2351672,"valid_loss_best":0.3619917631149292}