{
    "valid_loss_best":0.6575784865,
    "test_sharpe_gross":0.7692542886,
    "test_sharpe_net":0.6260568535
}