{"_wandb":{"runtime":23},"test_sharpe_gross":-0.1418552093477666,"valid_loss_best":0.13769108512335354,"test_sharpe_net":-0.3125766904830194,"train_loss":0.5643849197030067,"_runtime":23.5561203,"_step":11,"valid_loss":0.002000553326474296,"_timestamp":1.7523599546125588e+09}