{"_wandb":{"runtime":20},"valid_loss_best":0.5179204910993576,"valid_loss":0.309996397793293,"_step":15,"test_sharpe_net":0.7483599537671471,"_runtime":20.5159652,"test_sharpe_gross":0.8045923295836136,"train_loss":0.6900864048646047,"_timestamp":1.7523633818241484e+09}