{"missing_param_stride":1,"_timestamp":1.7548215214361973e+09,"_runtime":7.6941022,"_step":0,"_wandb":{"runtime":7}}