{"test_sharpe_net":-0.07845695673866415,"_timestamp":1.7523604133375063e+09,"train_loss":0.5495825837317266,"_wandb":{"runtime":25},"valid_loss":-0.04669055165722966,"_runtime":25.6786085,"_step":11,"test_sharpe_gross":0.14228306662908383,"valid_loss_best":0.16375934332609177}