{"valid_loss":-0.13050368862847486,"test_sharpe_net":0.40819676212225375,"_runtime":1130.4653761,"valid_loss_best":0.16573138845463595,"test_sharpe_gross":0.4221479147248247,"_timestamp":1.7542963923988657e+09,"_wandb":{"runtime":1130},"train_loss":0.33556064908676175,"_step":12}