{"_timestamp":1.752363806095589e+09,"test_sharpe_net":0.7176470986147881,"train_loss":0.5464778952300549,"_runtime":18.8263056,"test_sharpe_gross":0.7652242556332144,"_wandb":{"runtime":18},"valid_loss":0.5726298491160074,"valid_loss_best":0.6361086368560791,"_step":14}