{
    "valid_loss_best":0.25004912,
    "test_sharpe_gross":-0.0969147585,
    "test_sharpe_net":-0.3056806326
}