{"valid_loss_best":0.3199046158364841,"_wandb":{"runtime":46},"_runtime":46.2035298,"_step":23,"test_sharpe_net":0.2613982641032508,"train_loss":0.6694555087178423,"test_sharpe_gross":1.0412652956004171,"valid_loss":0.17723813613494194,"_timestamp":1.7524647005991135e+09}