{"test_sharpe_net":40.709032840056324,"_wandb":{"runtime":171},"_timestamp":1.7523505204733725e+09,"valid_loss_best":18.003176429054953,"train_loss":18.157720814580504,"valid_loss":17.967232964255594,"test_sharpe_gross":41.48251376507659,"_runtime":171.5916086,"_step":50}