{"test_sharpe_gross":1.4293358119442148,"valid_loss_best":-4.088777032765475e-05,"_wandb":{"runtime":54},"_runtime":54.6335346,"valid_loss":-0.11204246397722852,"_step":14,"train_loss":0.43411791120129434,"test_sharpe_net":0.9154194853391187,"_timestamp":1.7523593924908e+09}