{"valid_loss_best":0.5411311884721121,"train_loss":0.654279425367713,"_timestamp":1.752363979548116e+09,"test_sharpe_net":0.4960099316605516,"valid_loss":0.29081028203169507,"_wandb":{"runtime":19},"test_sharpe_gross":0.7308571739221896,"_runtime":19.5519045,"_step":14}