{"valid_loss":0.14348051222887906,"test_sharpe_net":0.8282867668654731,"_wandb":{"runtime":489},"valid_loss_best":0.20448564445938577,"train_loss":0.7909091882731604,"test_sharpe_gross":1.3871983452524077,"_runtime":489.3686492,"_timestamp":1.754868354633853e+09,"_step":18}