{"_runtime":16.5916791,"valid_loss":0.25143587092558545,"train_loss":0.7308329835534095,"valid_loss_best":0.5113316774368286,"_step":12,"_wandb":{"runtime":16},"test_sharpe_gross":0.862549457037081,"test_sharpe_net":0.6497285050196053,"_timestamp":1.752466575636652e+09}