{
    "valid_loss_best":0.7046783344,
    "test_sharpe_gross":1.0130778731,
    "test_sharpe_net":0.9565922794
}