{"_wandb":{"runtime":641},"_timestamp":1.7543862049520414e+09,"valid_loss":-0.09211837997039159,"test_sharpe_net":0.588383585578232,"test_sharpe_gross":0.611109175845492,"valid_loss_best":0.06612220810105403,"train_loss":0.35619370040038356,"_step":23,"_runtime":641.8238646}