{"_step":11,"test_sharpe_gross":0.146495790225567,"valid_loss":-0.012959734433227114,"test_sharpe_net":0.022879464418992825,"valid_loss_best":0.20811558845970365,"_wandb":{"runtime":335},"train_loss":0.7811978107690811,"_timestamp":1.754900018666931e+09,"_runtime":335.095576}