{"train_loss":0.5127803026636442,"test_sharpe_gross":0.22839889514392742,"_wandb":{"runtime":1140},"valid_loss_best":0.24382238441871273,"_timestamp":1.7543159315462494e+09,"_step":29,"test_sharpe_net":0.07311886487347254,"_runtime":1140.8821585,"valid_loss":0.128939270041883}