{"test_sharpe_net":0.13400735701364097,"_runtime":555.3190485,"_step":12,"valid_loss_best":0.2716730058193207,"_timestamp":1.7543078271945322e+09,"test_sharpe_gross":0.17346756433062,"valid_loss":-0.002756134420633316,"train_loss":0.24885375643345087,"_wandb":{"runtime":555}}