{
    "valid_loss_best":1.4072283879,
    "test_sharpe_gross":3.9627696422,
    "test_sharpe_net":2.9927915043
}