{"_runtime":22.7428582,"valid_loss_best":0.3678710013628006,"_wandb":{"runtime":22},"train_loss":0.6237399285299736,"_step":11,"valid_loss":0.23577009021703685,"test_sharpe_gross":0.6356911290073588,"test_sharpe_net":0.5427207880013186,"_timestamp":1.7524647546679223e+09}