{"test_sharpe_net":0.8384042524049143,"valid_loss_best":-0.07650832661117117,"test_sharpe_gross":1.0738749394833582,"_wandb":{"runtime":47},"_runtime":47.5409649,"train_loss":0.42211303050103394,"valid_loss":-0.12656097207218409,"_timestamp":1.7524492826777246e+09,"_step":19}