{"valid_loss_best":0.5799870282411576,"test_sharpe_net":0.6557108042473687,"_runtime":18.1243677,"_step":12,"train_loss":0.646847800948681,"test_sharpe_gross":0.7396380353875425,"_timestamp":1.7524546537306316e+09,"_wandb":{"runtime":18},"valid_loss":0.3918608851730824}