{"_wandb":{"runtime":61},"_timestamp":1.7524574165471158e+09,"test_sharpe_net":0.9109835527187107,"train_loss":0.47278298607662966,"valid_loss_best":0.027230749076062984,"_step":20,"_runtime":61.9078312,"valid_loss":-0.045594715597954666,"test_sharpe_gross":1.489373975711373}