{"valid_loss":0.20967643149197102,"valid_loss_best":0.2934071756899357,"train_loss":0.5778523257066464,"test_sharpe_net":0.5942282922714957,"_step":11,"test_sharpe_gross":0.6728179049671673,"_wandb":{"runtime":21},"_timestamp":1.7523617541346643e+09,"_runtime":21.9180702}