{"valid_loss":2.584902763366699,"_step":50,"test_sharpe_net":8.935165708448775,"_timestamp":1.7523525331222155e+09,"valid_loss_best":2.634835134853016,"test_sharpe_gross":9.066174559954536,"train_loss":2.6991724086844404,"_wandb":{"runtime":166},"_runtime":166.0119692}