{"test_sharpe_gross":0.4221388963094272,"valid_loss":0.17912678268145432,"_step":17,"_wandb":{"runtime":972},"train_loss":0.1943955704412909,"_timestamp":1.754390416172942e+09,"valid_loss_best":0.17912710458040237,"_runtime":972.8623432,"test_sharpe_net":0.4081877159347438}