{"_wandb":{"runtime":85},"valid_loss":0.27651924402432215,"_runtime":85.6452321,"valid_loss_best":0.30708050947370275,"_step":40,"test_sharpe_net":0.3416156000458938,"train_loss":0.6669481102573244,"test_sharpe_gross":1.035855074282022,"_timestamp":1.7524650252594166e+09}