{"_runtime":23.3393797,"test_sharpe_gross":-0.08781290948905801,"valid_loss_best":0.1877720221877098,"_timestamp":1.7523605151841128e+09,"test_sharpe_net":-0.197169716849666,"_wandb":{"runtime":23},"_step":11,"valid_loss":-0.049467290937900546,"train_loss":0.5798666426225713}