{"_wandb":{"runtime":27},"valid_loss":0.1646695967231478,"train_loss":0.5437751784267133,"valid_loss_best":0.273411833415074,"_step":16,"_runtime":27.9974766,"_timestamp":1.752454343631289e+09,"test_sharpe_gross":0.6720096183989511,"test_sharpe_net":0.00960789105267503}