{"_runtime":24.998945,"valid_loss":0.1009393708780408,"test_sharpe_net":-0.0773017295810415,"train_loss":0.5420357812392084,"_wandb":{"runtime":25},"_timestamp":1.7523599929171646e+09,"_step":11,"test_sharpe_gross":-0.028639173774001207,"valid_loss_best":0.24580281637609006}