{"valid_loss":0.3543566380228315,"test_sharpe_net":0.3647758839267432,"train_loss":0.6916945558041334,"_timestamp":1.7524537429587543e+09,"valid_loss_best":0.3714792536837714,"_step":84,"test_sharpe_gross":1.0420384547014458,"_wandb":{"runtime":153},"_runtime":153.9385386}