{"_wandb":{"runtime":71},"test_sharpe_gross":1.3473633243644436,"_runtime":71.6053463,"test_sharpe_net":0.7691020502989817,"valid_loss_best":0.11674462462013419,"train_loss":0.533071983565131,"_step":23,"valid_loss":0.1138725917447697,"_timestamp":1.752457950036838e+09}