{"test_sharpe_net":0.6378945003613912,"_wandb":{"runtime":35},"valid_loss":0.647853434085846,"_step":49,"_runtime":35.8762473,"train_loss":0.8196272676189741,"valid_loss_best":0.6608844324946404,"test_sharpe_gross":1.6499721429954668,"_timestamp":1.7523650685116386e+09}