{"_wandb":{"runtime":462},"valid_loss":0.16476377404548906,"_timestamp":1.7548837724232402e+09,"valid_loss_best":0.19742870686406438,"test_sharpe_gross":1.3324313122264975,"test_sharpe_net":0.639760870980296,"train_loss":0.7460840593861497,"_step":25,"_runtime":462.6557399}