{"_runtime":2018.4267424,"valid_loss_best":0.2200121766125614,"train_loss":0.22183928365879896,"_timestamp":1.7543812290336018e+09,"_step":30,"test_sharpe_net":0.42267206761306075,"valid_loss":0.08672111612659963,"_wandb":{"runtime":2018},"test_sharpe_gross":0.4450317446202058}