{"_wandb":{"runtime":39},"_runtime":39.6577654,"valid_loss":0.5818019397556782,"train_loss":0.8159032464027405,"test_sharpe_gross":1.6197938639036906,"_timestamp":1.7524684066898677e+09,"_step":43,"test_sharpe_net":0.6468792483694784,"valid_loss_best":0.5925882905721664}