{"_runtime":20.5751877,"test_sharpe_gross":0.5306866729710872,"_wandb":{"runtime":20},"valid_loss_best":0.5270942524075508,"_step":11,"_timestamp":1.752464343028889e+09,"train_loss":0.5807986156693821,"valid_loss":0.203575748950243,"test_sharpe_net":0.3204281275686719}