{"_step":11,"valid_loss":0.22927929311990738,"test_sharpe_gross":0.7830755731881924,"valid_loss_best":0.4522494373843074,"train_loss":0.6943814737292436,"test_sharpe_net":0.5833235771212424,"_wandb":{"runtime":15},"_timestamp":1.7524670009721014e+09,"_runtime":15.0775102}