{"_timestamp":1.754886560402462e+09,"valid_loss":0.1274814432994886,"_step":21,"_wandb":{"runtime":534},"valid_loss_best":0.18679289655251938,"test_sharpe_gross":0.8120896783421648,"test_sharpe_net":0.03150006383581636,"_runtime":534.6378677,"train_loss":0.8443224426844845}