{"test_sharpe_gross":0.7290569799345492,"valid_loss_best":0.539754182100296,"train_loss":0.6225325584411621,"valid_loss":0.37486031651496887,"_wandb":{"runtime":21},"_runtime":21.5384375,"_step":12,"test_sharpe_net":0.6703651033602104,"_timestamp":1.7523636654242368e+09}