{"_timestamp":1.7523641933243432e+09,"train_loss":0.6710934147238732,"_wandb":{"runtime":13},"test_sharpe_net":0.558870907215084,"_runtime":13.6821554,"_step":12,"valid_loss":0.2758769591649373,"test_sharpe_gross":0.6442874234271013,"valid_loss_best":0.5530595481395721}