{"test_sharpe_gross":1.3794530344232878,"_wandb":{"runtime":34},"_runtime":34.9829994,"train_loss":0.9910343637069067,"test_sharpe_net":0.5110415738817734,"_step":56,"valid_loss":0.5291861891746521,"valid_loss_best":0.5381588665768504,"_timestamp":1.7523649426377234e+09}