{"_wandb":{"runtime":14},"valid_loss":0.33394521474838257,"_timestamp":1.7524672362674322e+09,"test_sharpe_net":0.5195666070478979,"_runtime":14.9138474,"test_sharpe_gross":0.8260774476037057,"train_loss":0.6876183316111565,"valid_loss_best":0.4906761348247528,"_step":12}