{"valid_loss_best":0.26737287640571594,"_wandb":{"runtime":19},"_step":11,"_runtime":19.4982044,"test_sharpe_gross":0.505603059364519,"train_loss":0.574848992043528,"valid_loss":0.2010903526097536,"test_sharpe_net":0.25627133312297834,"_timestamp":1.7523623101350245e+09}