{"valid_loss_best":-0.0017114227468317206,"_step":16,"train_loss":0.46002721839138994,"_timestamp":1.7523554654680343e+09,"test_sharpe_gross":1.0370699878946525,"valid_loss":-0.14950771697542883,"test_sharpe_net":0.6031156438047018,"_wandb":{"runtime":54},"_runtime":54.7076858}