{"valid_loss":0.11393198147416114,"test_sharpe_gross":-0.10742559749260462,"test_sharpe_net":-0.24343745659585542,"_step":11,"valid_loss_best":0.22290738821029663,"_wandb":{"runtime":29},"_runtime":29.6757756,"train_loss":0.5487326163994638,"_timestamp":1.7523608333673816e+09}