{"_wandb":{"runtime":23},"valid_loss":0.043429846316576,"test_sharpe_gross":0.21764070914195485,"test_sharpe_net":0.035131207564955046,"_step":11,"_timestamp":1.7524509184553356e+09,"valid_loss_best":0.12650643214583396,"_runtime":23.5083044,"train_loss":0.5582611757869783}