{"test_sharpe_net":40.10866378831556,"_wandb":{"runtime":180},"valid_loss":17.509002367655437,"test_sharpe_gross":40.87950028767484,"train_loss":17.741444670635723,"valid_loss_best":17.5150359471639,"_step":71,"_timestamp":1.7523508858414316e+09,"_runtime":180.7784725}