{"valid_loss":-0.06896577264706139,"_runtime":77.2742431,"test_sharpe_gross":1.5276991068817707,"_timestamp":1.7524582917172399e+09,"_wandb":{"runtime":77},"_step":27,"valid_loss_best":-0.018011050298810005,"train_loss":0.4571227300102296,"test_sharpe_net":0.905072743527212}