{"_runtime":174.1960244,"test_sharpe_gross":41.3266074210109,"valid_loss":18.043139457702637,"_step":68,"test_sharpe_net":40.55548505606006,"valid_loss_best":18.071683883666992,"_wandb":{"runtime":174},"_timestamp":1.7523506987123733e+09,"train_loss":18.163957098255988}