{"valid_loss":0.14506915677338839,"_step":12,"test_sharpe_net":1.5702921650131019,"_wandb":{"runtime":10},"valid_loss_best":0.2685396298766136,"_runtime":10.3081829,"train_loss":0.48850623657926917,"_timestamp":1.7523647131181004e+09,"test_sharpe_gross":1.6082640120137306}