{"test_sharpe_net":0.9956091241754831,"_step":14,"_timestamp":1.7524588475667682e+09,"train_loss":0.4361737633690886,"_runtime":37.6974109,"test_sharpe_gross":1.3629239644084579,"_wandb":{"runtime":37},"valid_loss_best":-0.019008077069884166,"valid_loss":-0.09275469455557565}