{"_step":14,"valid_loss":0.3286534883081913,"valid_loss_best":0.38735974580049515,"test_sharpe_gross":0.6091371292995229,"_timestamp":1.7523620794603682e+09,"train_loss":0.4897061114938095,"_runtime":22.4666019,"test_sharpe_net":0.5170106818747258,"_wandb":{"runtime":22}}