{"valid_loss":0.04821125379142662,"_step":12,"test_sharpe_net":-0.25097418489942297,"valid_loss_best":0.16298609558078977,"_wandb":{"runtime":26},"test_sharpe_gross":-0.0715756813102061,"train_loss":0.5584783239041765,"_timestamp":1.752451560653448e+09,"_runtime":26.5857552}