{"test_sharpe_gross":9.005162052501547,"test_sharpe_net":8.871638901336539,"valid_loss_best":2.553259112618186,"_step":46,"_runtime":134.8432995,"_timestamp":1.7523529983696227e+09,"valid_loss":2.531824003566395,"train_loss":2.6030224924502163,"_wandb":{"runtime":134}}