{"_runtime":134.5868344,"test_sharpe_gross":1.3434153282205958,"valid_loss_best":-0.07262235010663669,"train_loss":0.46042386714227335,"valid_loss":-0.09297718356053035,"_timestamp":1.752355906730856e+09,"test_sharpe_net":0.5944200281836817,"_wandb":{"runtime":134},"_step":47}