{"_timestamp":1.7523618841197844e+09,"test_sharpe_gross":0.5554991427442291,"valid_loss_best":0.36947679626090185,"_wandb":{"runtime":21},"train_loss":0.5660372658779746,"test_sharpe_net":0.5257904174599817,"_runtime":21.4538774,"_step":11,"valid_loss":0.14839027602075866}