{"_runtime":3544.3018667,"valid_loss":0.2417138174176216,"train_loss":0.37232285257624953,"_timestamp":1.7543277282623441e+09,"test_sharpe_net":-0.4207920683201791,"_wandb":{"runtime":3544},"_step":35,"valid_loss_best":0.25611757561564447,"test_sharpe_gross":-0.35276291739682675}