{"valid_loss":-0.11542975912905401,"test_sharpe_net":-0.009776231723232056,"_wandb":{"runtime":29},"test_sharpe_gross":0.0472430355890736,"train_loss":0.6183852749317884,"valid_loss_best":0.17435240166054833,"_step":11,"_timestamp":1.7524637640644069e+09,"_runtime":29.1945502}