{"test_sharpe_gross":0.36763112054976377,"_wandb":{"runtime":503},"test_sharpe_net":-0.35364872064323993,"_timestamp":1.7548818411174579e+09,"valid_loss":0.20146202416667205,"_runtime":503.8444507,"_step":27,"valid_loss_best":0.27880796942521224,"train_loss":1.0001943124377208}