{"valid_loss":0.10078667551279068,"valid_loss_best":0.28597836643457414,"_wandb":{"runtime":35},"test_sharpe_net":-0.9619314960249953,"train_loss":0.561101857572794,"_timestamp":1.7524511803744493e+09,"test_sharpe_gross":-0.3185284803135829,"_step":15,"_runtime":35.9609833}