{"_wandb":{"runtime":18},"valid_loss":0.47217504382133485,"train_loss":0.6356524097231718,"_timestamp":1.752466895168056e+09,"valid_loss_best":0.49594405591487883,"test_sharpe_gross":0.6759372122259981,"_step":13,"_runtime":18.8628759,"test_sharpe_net":0.3009429780691139}