{"train_loss":0.6470233045518399,"test_sharpe_gross":0.714338630320086,"_wandb":{"runtime":16},"valid_loss_best":0.5113510489463806,"test_sharpe_net":0.4817374983069632,"_runtime":16.3915142,"_step":12,"valid_loss":0.38953595360120136,"_timestamp":1.7524664943255534e+09}