{"train_loss":0.4759810835568477,"_runtime":74.4047375,"_timestamp":1.75245933002309e+09,"test_sharpe_gross":1.5189021009744277,"_step":25,"valid_loss_best":-0.004002756693146445,"_wandb":{"runtime":74},"valid_loss":-0.011924083259972658,"test_sharpe_net":0.9164695915409558}