{"_wandb":{"runtime":132},"_step":48,"valid_loss":-0.04189336553893306,"_runtime":132.7269889,"valid_loss_best":0.02740080603821711,"_timestamp":1.7524484780743577e+09,"test_sharpe_gross":1.3292911295536647,"train_loss":0.5074001454302798,"test_sharpe_net":0.798236058800943}