{"_wandb":{"runtime":165},"valid_loss":0.07911821827292442,"test_sharpe_gross":-0.14419455673330184,"train_loss":0.7396573636092638,"test_sharpe_net":-0.23640531880234175,"valid_loss_best":0.12758722379803658,"_step":11,"_timestamp":1.7548982054520957e+09,"_runtime":165.3123148}