{"valid_loss":-0.09556576880541715,"_runtime":32.9888245,"_step":12,"_timestamp":1.7524486173410115e+09,"test_sharpe_gross":0.7078632306532339,"train_loss":0.4621423462091986,"_wandb":{"runtime":32},"valid_loss_best":-0.051391213116320694,"test_sharpe_net":0.6382904957350221}