{"_runtime":93.0903607,"valid_loss":-0.004333222517743707,"test_sharpe_net":1.0483375415235625,"_wandb":{"runtime":93},"test_sharpe_gross":1.7079096369150852,"valid_loss_best":0.017334529509147007,"train_loss":0.496890925032937,"_timestamp":1.752461656813733e+09,"_step":32}