{"_timestamp":1.7523548217297356e+09,"train_loss":0.44743958838365,"_step":13,"test_sharpe_gross":0.6436969389828784,"_wandb":{"runtime":41},"valid_loss_best":-0.0728418802221616,"test_sharpe_net":0.582483905612018,"_runtime":41.4053912,"valid_loss":-0.17183401497701803}