{"valid_loss_best":-0.013419369235634804,"test_sharpe_gross":0.44976070596890166,"_wandb":{"runtime":328},"valid_loss":-0.13603853637521918,"test_sharpe_net":0.42838288495572197,"_timestamp":1.754267618022418e+09,"train_loss":0.38538427477570897,"_runtime":328.6748778,"_step":11}