{"_wandb":{"runtime":317},"test_sharpe_gross":-0.12629102107474352,"valid_loss_best":0.19307035373316872,"test_sharpe_net":-0.4136643107954389,"_step":11,"_timestamp":1.7548968876289861e+09,"valid_loss":-0.008462171587679122,"train_loss":0.8909157239397367,"_runtime":317.6730206}