{"test_sharpe_net":1.4572662502166944,"valid_loss_best":0.3328201025724411,"_wandb":{"runtime":10},"_runtime":10.3447425,"train_loss":0.6175456413378319,"test_sharpe_gross":1.5425294031214631,"valid_loss":0.18361329659819603,"_timestamp":1.7523648551758828e+09,"_step":11}