{"test_sharpe_net":8.488397138964881,"train_loss":2.5814459570076154,"_wandb":{"runtime":176},"valid_loss":2.5165714784102007,"valid_loss_best":2.5454448353160513,"_runtime":176.9462344,"test_sharpe_gross":8.60666471039234,"_timestamp":1.7523523634386723e+09,"_step":47}