{"_wandb":{"runtime":12},"valid_loss":0.46766352467238903,"valid_loss_best":0.5147374346852303,"_runtime":12.5501124,"train_loss":0.8343629141648611,"_timestamp":1.752468786099078e+09,"test_sharpe_net":1.2116423336276942,"_step":14,"test_sharpe_gross":1.574671508695338}