{"_wandb":{"runtime":684},"valid_loss_best":0.07495529918620984,"train_loss":0.30790495904891385,"test_sharpe_net":0.5605170822267261,"test_sharpe_gross":0.5959277232082235,"_timestamp":1.7544228576595254e+09,"_runtime":684.4793153,"valid_loss":-0.09282009474312265,"_step":13}