{
    "valid_loss_best":1.1610172443,
    "test_sharpe_gross":3.7822823735,
    "test_sharpe_net":2.9729305669
}