{"_step":52,"_timestamp":1.7524569194272428e+09,"test_sharpe_net":0.4405087613930972,"_wandb":{"runtime":41},"test_sharpe_gross":1.5835379416169544,"_runtime":41.7434147,"train_loss":0.7674578557843748,"valid_loss_best":0.6436758935451508,"valid_loss":0.5712458230555058}