{"test_sharpe_gross":0.13430657389574988,"_step":19,"test_sharpe_net":-0.8567365077425336,"_wandb":{"runtime":52},"valid_loss_best":0.08704338553878996,"valid_loss":-0.037339559859699674,"_runtime":52.016824,"train_loss":0.5166832162936529,"_timestamp":1.7524623229933581e+09}