{"valid_loss_best":0.16573883142943183,"_timestamp":1.7542763054120731e+09,"test_sharpe_gross":0.4221412913640082,"_runtime":1472.9097585,"_wandb":{"runtime":1472},"train_loss":0.1952423545170978,"test_sharpe_net":0.4081902707224323,"valid_loss":0.16573420135925213,"_step":12}