{
    "valid_loss_best":0.6123007237,
    "test_sharpe_gross":2.0267567316,
    "test_sharpe_net":0.7881111261
}