{"valid_loss":0.1069252148270607,"train_loss":0.9006739533261249,"test_sharpe_net":-0.3359309797307929,"_runtime":567.8281596,"valid_loss_best":0.272852423787117,"test_sharpe_gross":0.1963866695360641,"_step":15,"_wandb":{"runtime":567},"_timestamp":1.7549375244969285e+09}