{"test_sharpe_gross":1.3779082537871346,"valid_loss":0.25621219351887703,"test_sharpe_net":1.3139889287455337,"_wandb":{"runtime":8},"_runtime":8.5627573,"train_loss":0.5704186086853346,"_timestamp":1.7524573218644452e+09,"valid_loss_best":0.3097892254590988,"_step":11}