{"valid_loss":0.2626217280824979,"test_sharpe_gross":0.7824759224856968,"valid_loss_best":0.2832294938464959,"_wandb":{"runtime":636},"train_loss":0.8792060782080111,"_timestamp":1.7548860186957874e+09,"test_sharpe_net":0.10239465756800052,"_runtime":636.5799995,"_step":48}