{"_timestamp":1.7524530442258158e+09,"test_sharpe_gross":0.6677726190023324,"valid_loss_best":0.37232348322868347,"valid_loss":0.28722362220287323,"test_sharpe_net":-0.05338581173277353,"_wandb":{"runtime":42},"train_loss":0.6244015364811338,"_runtime":42.7337718,"_step":23}