{"_runtime":36.8941373,"test_sharpe_net":0.41685591124360194,"valid_loss_best":0.604941263794899,"test_sharpe_gross":1.3586839490171818,"_wandb":{"runtime":36},"valid_loss":0.5532595328986645,"_timestamp":1.752468451483219e+09,"_step":44,"train_loss":0.8027550677458445}