{"_wandb":{"runtime":28},"valid_loss":0.07063803561031819,"valid_loss_best":0.24014853090047836,"train_loss":0.5416671398438906,"_step":13,"_timestamp":1.752452372227978e+09,"test_sharpe_gross":0.03232867958651832,"_runtime":28.0996031,"test_sharpe_net":-0.2990144951174975}