{"test_sharpe_net":0.059090670426827537,"_wandb":{"runtime":27},"_step":16,"test_sharpe_gross":0.7732953530224969,"valid_loss":0.1657640983217529,"_runtime":27.3258892,"train_loss":0.5467997737751719,"_timestamp":1.7523628879037087e+09,"valid_loss_best":0.19846831634640694}