{"_runtime":30.1404349,"valid_loss_best":0.15383838417215479,"train_loss":0.5365689090391,"_timestamp":1.7524516267503307e+09,"test_sharpe_gross":0.017270258094059934,"valid_loss":-0.1110191001660294,"_step":11,"test_sharpe_net":-0.10135529222113458,"_wandb":{"runtime":30}}