{"_wandb":{"runtime":20},"_runtime":20.6021391,"_timestamp":1.7524660203108482e+09,"train_loss":0.6074696054746365,"test_sharpe_gross":0.7110827753815646,"test_sharpe_net":0.6380577301094558,"valid_loss_best":0.2957649491727352,"valid_loss":0.08927715942263603,"_step":11}