{"valid_loss_best":0.047170259058475494,"_runtime":8.4701345,"valid_loss":-0.11090405285358429,"test_sharpe_net":1.517923736068761,"train_loss":0.512979074070851,"_timestamp":1.7524565331007822e+09,"_wandb":{"runtime":8},"test_sharpe_gross":1.6356582323508624,"_step":11}