{"_wandb":{"runtime":49},"_step":16,"valid_loss":0.0033028505065224385,"_runtime":49.6931247,"valid_loss_best":0.057830738073045555,"train_loss":0.4738359292564185,"test_sharpe_gross":1.4664192995101153,"test_sharpe_net":0.8821767317961441,"_timestamp":1.752461437364197e+09}