{"test_sharpe_gross":0.5645884044476012,"_wandb":{"runtime":206},"_step":14,"_timestamp":1.754944747644642e+09,"train_loss":0.7999281773441717,"_runtime":206.8935467,"valid_loss":0.03275668323040008,"test_sharpe_net":-0.011781712575799531,"valid_loss_best":0.14250237606465815}