{"valid_loss":0.5882454216480255,"_wandb":{"runtime":28},"test_sharpe_net":0.4893745721756379,"_step":36,"valid_loss_best":0.5939457882195711,"train_loss":0.7556720496074337,"test_sharpe_gross":1.5913474753911343,"_timestamp":1.752456184249885e+09,"_runtime":28.8326465}