{"valid_loss":-0.11080890521407127,"train_loss":0.4493917637433776,"test_sharpe_gross":1.3682564795115593,"test_sharpe_net":0.9165811965092233,"valid_loss_best":0.022099291440099478,"_step":14,"_runtime":40.9758627,"_wandb":{"runtime":40},"_timestamp":1.752459249690439e+09}