{"test_sharpe_gross":0.4300849777632978,"_wandb":{"runtime":847},"test_sharpe_net":0.4156979640196366,"valid_loss_best":0.18142644586888226,"_timestamp":1.754345336372179e+09,"_step":11,"valid_loss":-0.10144514793699438,"_runtime":847.8888853,"train_loss":0.345354454617178}