{"valid_loss_best":0.43583935499191284,"test_sharpe_net":0.4514844566841454,"_step":11,"train_loss":0.5133311397869859,"_runtime":19.5615714,"test_sharpe_gross":0.5013209974594879,"valid_loss":0.021396456552403315,"_timestamp":1.7524532704255896e+09,"_wandb":{"runtime":19}}