{"_wandb":{"runtime":144},"train_loss":2.5958950389986453,"valid_loss_best":2.5492507110942495,"_runtime":144.9212037,"_step":43,"test_sharpe_gross":8.614781165975787,"_timestamp":1.7523526822680457e+09,"test_sharpe_net":8.498486779042617,"valid_loss":2.5360834815285425}