{"_wandb":{"runtime":38},"valid_loss":0.10370570234954357,"valid_loss_best":0.2347908079624176,"train_loss":0.5729005481851729,"_timestamp":1.752359725598674e+09,"_runtime":38.4025279,"_step":14,"test_sharpe_gross":-0.4644777249974866,"test_sharpe_net":-1.0967384023153106}