{"_wandb":{"runtime":301},"valid_loss":0.07768550217151642,"_runtime":301.6747335,"test_sharpe_gross":0.23366897620076055,"train_loss":0.6919891920528913,"test_sharpe_net":-0.25052304346739523,"_timestamp":1.7549418562763147e+09,"_step":12,"valid_loss_best":0.220461855083704}