{"_step":12,"valid_loss_best":0.21657032147049904,"valid_loss":0.01587274636969798,"test_sharpe_net":-0.25557972640237675,"test_sharpe_gross":0.09793554114625151,"_timestamp":1.7524514576972466e+09,"train_loss":0.5098641979446014,"_wandb":{"runtime":27},"_runtime":27.2578499}