{"_wandb":{"runtime":19},"_runtime":19.7891182,"valid_loss":0.3177133450905482,"_step":13,"valid_loss_best":0.5082975228627523,"train_loss":0.5682824194431305,"test_sharpe_gross":0.9209881383041996,"test_sharpe_net":0.8512223088066707,"_timestamp":1.752363328926869e+09}