{
    "valid_loss_best":0.553064033,
    "test_sharpe_gross":0.7527073633,
    "test_sharpe_net":0.5687535349
}