{
    "valid_loss_best":0.6780645581,
    "test_sharpe_gross":1.7666349955,
    "test_sharpe_net":0.90571827
}