{"test_sharpe_net":0.5211953864315887,"valid_loss_best":0.002589369813601176,"_timestamp":1.752358111647716e+09,"_wandb":{"runtime":154},"train_loss":0.5095749317627886,"_step":40,"_runtime":154.9827557,"test_sharpe_gross":1.1126088266355754,"valid_loss":-0.095915246134003}