{"_wandb":{"runtime":1247},"_timestamp":1.7542723264066596e+09,"valid_loss":0.16573911920810738,"_runtime":1247.1783299,"_step":11,"train_loss":0.19504408206304777,"valid_loss_best":0.16574128003170094,"test_sharpe_gross":0.42213002573690506,"test_sharpe_net":0.4081788984927807}