{"_runtime":83.3189466,"_step":30,"valid_loss":0.03122069624563058,"_wandb":{"runtime":83},"valid_loss_best":0.10397143972416718,"test_sharpe_gross":1.2370212082930079,"train_loss":0.5376939770320187,"_timestamp":1.7524595202370734e+09,"test_sharpe_net":0.5569684236539162}