{
    "valid_loss_best":0.9060431448,
    "test_sharpe_gross":2.2956918006,
    "test_sharpe_net":1.2985718846
}