{
    "valid_loss_best":0.6739408479,
    "test_sharpe_gross":1.3182517434,
    "test_sharpe_net":0.3478976047
}