{"test_sharpe_gross":-0.04202414512783692,"valid_loss":-0.0018735457211732864,"train_loss":0.5243128044040579,"valid_loss_best":0.2554980039596558,"_step":11,"test_sharpe_net":-0.1410657855290402,"_wandb":{"runtime":24},"_runtime":24.1557332,"_timestamp":1.752452409661079e+09}