{"valid_loss":0.5059561105445027,"test_sharpe_net":-0.08022569696613348,"test_sharpe_gross":0.9406719387307986,"_wandb":{"runtime":17},"_runtime":17.893426,"_step":17,"valid_loss_best":0.6671461332589388,"train_loss":0.9115075935488162,"_timestamp":1.7524686253967352e+09}