{"_wandb":{"runtime":20},"_timestamp":1.7524538688231235e+09,"_step":12,"test_sharpe_gross":0.7988115548823941,"test_sharpe_net":0.6159073103886421,"valid_loss":0.2706390619277954,"train_loss":0.5227793182792335,"_runtime":20.5741403,"valid_loss_best":0.3740472123026848}