{"_wandb":{"runtime":13},"valid_loss_best":0.5360258370637894,"train_loss":0.6137904831960511,"valid_loss":0.39639252722263335,"test_sharpe_gross":0.9161456336272205,"_step":11,"_timestamp":1.7523636157090445e+09,"test_sharpe_net":0.8824074714433654,"_runtime":13.1123439}