{"_timestamp":1.7548215107666895e+09,"_runtime":3.7651333,"_step":0,"_wandb":{"runtime":3},"missing_param_stride":1}