{"_runtime":17.7053088,"valid_loss_best":0.5934909209609032,"_wandb":{"runtime":17},"valid_loss":0.447309039067477,"train_loss":0.8962493823922199,"_step":17,"_timestamp":1.7524687031364918e+09,"test_sharpe_net":0.4685181926681399,"test_sharpe_gross":1.3936576596144197}