{"valid_loss_best":0.4779098530610402,"test_sharpe_net":0.5868058061365484,"_step":16,"_wandb":{"runtime":25},"valid_loss":0.31932122508684796,"test_sharpe_gross":0.8228413444733337,"_timestamp":1.7524665527097764e+09,"_runtime":25.5249661,"train_loss":0.5877682276070118}