{"_timestamp":1.7524553274872885e+09,"_wandb":{"runtime":14},"valid_loss":0.33234942611306906,"train_loss":0.5849856552787316,"_step":11,"valid_loss_best":0.5493022114038467,"_runtime":14.8600282,"test_sharpe_gross":0.7631978029091097,"test_sharpe_net":0.7331642381352116}