{"test_sharpe_gross":8.7267585425231,"_wandb":{"runtime":128},"valid_loss":2.4570693572362265,"_timestamp":1.752353130869083e+09,"test_sharpe_net":8.599116327706312,"valid_loss_best":2.4690157175064087,"_step":47,"_runtime":128.127443,"train_loss":2.6068639185117637}