{"valid_loss_best":0.6665754318237305,"_wandb":{"runtime":34},"test_sharpe_net":0.7129584830209008,"_step":39,"train_loss":0.8034183668053668,"test_sharpe_gross":1.6664695154978175,"valid_loss":0.6137018725275993,"_runtime":34.5729433,"_timestamp":1.7524677460488422e+09}