{"valid_loss":-0.14845703138659397,"test_sharpe_net":0.5388086386875914,"_step":18,"test_sharpe_gross":0.5554939978121662,"_runtime":1264.9108227,"train_loss":0.27992939523866645,"_wandb":{"runtime":1264},"valid_loss_best":0.05930952820926905,"_timestamp":1.7544179086815622e+09}