{
    "valid_loss_best":0.69765574,
    "test_sharpe_gross":1.2359230314,
    "test_sharpe_net":0.3086027814
}