{"_wandb":{"runtime":192},"_timestamp":1.752355019070248e+09,"valid_loss_best":0.047345653853633186,"valid_loss":0.02842491374097087,"_step":66,"train_loss":0.5344424665014705,"test_sharpe_gross":1.1885268527832442,"_runtime":192.2393384,"test_sharpe_net":0.6414870030180014}