{
    "valid_loss_best":0.2987551535,
    "test_sharpe_gross":0.0889558472,
    "test_sharpe_net":-0.0437611551
}