{"_wandb":{"runtime":25},"valid_loss":0.5453201914206147,"_step":28,"valid_loss_best":0.5467913281172514,"test_sharpe_net":0.19327453937488107,"_timestamp":1.752468736081013e+09,"train_loss":0.8932046605193097,"_runtime":25.0082089,"test_sharpe_gross":1.1668365288521403}