{"valid_loss":-0.051151574278871216,"test_sharpe_net":1.1275583503933977,"_wandb":{"runtime":71},"_timestamp":1.7524504231513112e+09,"_runtime":71.0685411,"train_loss":0.4888573607996754,"_step":26,"test_sharpe_gross":1.7301460332906513,"valid_loss_best":0.031515820107112326}