{"_wandb":{"runtime":227},"valid_loss":0.11785610309905475,"valid_loss_best":0.20611233579822713,"test_sharpe_gross":0.3378793090162763,"_step":11,"test_sharpe_net":-0.12704564339870206,"train_loss":0.7219980294505756,"_timestamp":1.7549394755395627e+09,"_runtime":227.5014448}