{"valid_loss_best":0.16816504610081515,"train_loss":0.1949386867168157,"test_sharpe_gross":0.42127590787732455,"test_sharpe_net":0.40153763614017923,"_wandb":{"runtime":1018},"valid_loss":0.16573929289976755,"_timestamp":1.7561217821780808e+09,"_step":11,"_runtime":1018}