{"_runtime":946.4673644,"_wandb":{"runtime":946},"_timestamp":1.7542644904678702e+09,"valid_loss_best":-0.042827854779633606,"test_sharpe_gross":0.43207118765672714,"valid_loss":-0.11056792024861682,"_step":19,"test_sharpe_net":0.38901719032688215,"train_loss":0.40767966391032806}