{"_runtime":1.6572177,"_step":0,"_wandb":{"runtime":1},"missing_param_stride":1,"_timestamp":1.7548215760005116e+09}