{"_runtime":16.7630637,"_step":12,"test_sharpe_gross":0.8599996996713208,"_wandb":{"runtime":16},"valid_loss":0.3699022173881531,"train_loss":0.6879488008144574,"test_sharpe_net":0.6105068402995406,"valid_loss_best":0.4816490888595581,"_timestamp":1.7524666745635984e+09}