{"test_sharpe_net":8.580561897951092,"valid_loss_best":2.5148462057113647,"_wandb":{"runtime":169},"_timestamp":1.7523528562584748e+09,"test_sharpe_gross":8.695843532814788,"train_loss":2.595920697502468,"valid_loss":2.499653697013855,"_runtime":169.0497447,"_step":47}