{"test_sharpe_net":0.42542873443324203,"test_sharpe_gross":0.7716110678491456,"valid_loss_best":0.38041933700442315,"_runtime":19.3103255,"_step":13,"train_loss":0.7229100282375629,"valid_loss":0.11099766120314598,"_timestamp":1.7524663326203501e+09,"_wandb":{"runtime":19}}