{"_wandb":{"runtime":1},"_runtime":1.3844154,"_step":0,"missing_param_stride":1,"_timestamp":1.7548215704048767e+09}