{
    "valid_loss_best":0.7405912652,
    "test_sharpe_gross":1.4691708162,
    "test_sharpe_net":0.8940755053
}