{
    "valid_loss_best":0.4441675092,
    "test_sharpe_gross":0.6536750764,
    "test_sharpe_net":0.4751632035
}