{"test_sharpe_gross":-0.016025986582453116,"valid_loss_best":0.23273709416389465,"train_loss":0.5599466828923476,"_wandb":{"runtime":28},"_step":12,"test_sharpe_net":-0.12388074459661513,"_runtime":28.0123979,"valid_loss":0.041057118028402326,"_timestamp":1.7524513542633145e+09}