{"_timestamp":1.7524668048622103e+09,"_runtime":16.9507289,"valid_loss":0.2578456769697368,"valid_loss_best":0.551023292541504,"test_sharpe_net":0.725480362004104,"train_loss":0.6532755486476116,"_step":11,"test_sharpe_gross":0.8454194944396023,"_wandb":{"runtime":16}}