{
    "valid_loss_best":0.3621763106,
    "test_sharpe_gross":0.5386973777,
    "test_sharpe_net":-0.1910604937
}