{"_wandb":{"runtime":26},"missing_param_stride":1,"_timestamp":1.7548215396869197e+09,"_runtime":26.2902224,"_step":0}